Amount band,Transactions,Fraud cases,Alerts,Fraud rate,Alert rate,Precision,Recall,F2,TP,FP,FN,TN
Lowest,18185,768,1012,0.04223260929337366,0.05565026120428925,0.6225296442687747,0.8203125,0.7713026444662096,630,382,138,17035
Low,18748,490,584,0.026136121186259867,0.031149989332195434,0.5976027397260274,0.7122448979591837,0.6859276729559748,349,235,141,18023
Middle,18514,611,721,0.033002052500810196,0.03894350221454035,0.5908460471567267,0.6972176759410802,0.6729857819905213,426,295,185,17608
High,15683,431,533,0.02748198686475802,0.03398584454504878,0.5103189493433395,0.6310904872389791,0.6025697828976517,272,261,159,14991
Highest,17451,799,1176,0.04578534181422268,0.06738868832731648,0.4608843537414966,0.6783479349186483,0.6198536139066788,542,634,257,16018
