DeviceType,Transactions,Fraud cases,Alerts,Fraud rate,Alert rate,Precision,Recall,F2,TP,FP,FN,TN
desktop,10461,796,1598,0.07609215180193098,0.15275786253704235,0.41551939924906134,0.8341708542713567,0.6942701798410706,664,934,132,8731
missing,70399,1356,2525,0.019261637239165328,0.035866986746970836,0.19960396039603961,0.37168141592920356,0.31702100893194113,504,2021,852,67022
mobile,7721,931,1706,0.12058023572076156,0.2209558347364331,0.4284876905041032,0.7851772287862513,0.6731123388581952,731,975,200,5815
