Feature family,Normalized_Gain,Features
Anonymous V,0.7806155159524799,248
Identity,0.05591613004906741,39
Product,0.029518445456515996,5
Card,0.02884067735355192,13
Time delta (D),0.028661019239750143,15
Match flag (M),0.023677049764220866,17
Count (C),0.021028651658948235,4
Email,0.012797096791433493,5
Address / distance,0.006295919809223701,4
Transaction,0.005330854991198304,3
Device,0.0038624408258622392,4
Engineered / other,0.0034561981077478087,2
