Feature family,Normalized_Gain,Features
Anonymous V,0.7003834078783091,211
Product,0.06606477061352015,5
Identity,0.05784186021035674,39
Match flag (M),0.039464315635613284,17
Card,0.03313166321434501,13
Count (C),0.030681659619620216,5
Time delta (D),0.03025644058618658,15
Email,0.012472652453097883,5
Device,0.008986247321993896,4
Engineered / other,0.008638870039620857,3
Address / distance,0.006169722842701901,4
Transaction,0.005908389584634414,3
