ProductCD,Transactions,Fraud cases,Alerts,Fraud rate,Alert rate,Precision,Recall,F2,TP,FP,FN,TN
C,10094,1171,1723,0.11600951060035665,0.17069546265107985,0.6024376088218224,0.8864218616567037,0.8100515061651319,1038,685,133,8238
H,4901,256,312,0.052234237910630484,0.0636604774535809,0.6762820512820513,0.82421875,0.7896706586826348,211,101,45,4544
R,5599,205,230,0.03661368101446687,0.04107876406501161,0.7434782608695653,0.8341463414634146,0.8142857142857143,171,59,34,5335
S,1725,102,114,0.059130434782608696,0.06608695652173913,0.7368421052631579,0.8235294117647058,0.8045977011494253,84,30,18,1593
W,66262,1365,1647,0.020600042256496937,0.024855875162234763,0.43412264723740135,0.5238095238095238,0.5030251864359082,715,932,650,63965
