Split,Threshold,ROC-AUC,Average precision,Balanced accuracy,Precision,Recall,F1,F2,Alerts,Alert rate,TN,FP,FN,TP
Validation,0.7034381628036499,0.9464878726115709,0.6851270470744992,0.8392917611195244,0.528311057108141,0.7012903225806452,0.6026334026334026,0.6581895246745383,4115,0.04645465731928969,83540,1941,926,2174
Test,0.7034381628036499,0.9511211443029971,0.7119391684466766,0.8474492390997868,0.5511674118231495,0.7160374314294934,0.6228771929824561,0.675618073316283,4026,0.04544992718528804,83675,1807,880,2219
