Split,Threshold,ROC-AUC,Average precision,Balanced accuracy,Precision,Recall,F1,F2,Alerts,Alert rate,TN,FP,FN,TP
Validation,0.27569758892059326,0.9240272952533758,0.5903700366340783,0.8159973421122857,0.3856196783349101,0.6699539776462854,0.4894920139305872,0.5838537787199908,5285,0.059662907395491134,82292,3247,1004,2038
Test,0.27569758892059326,0.8996274916514957,0.5212717480117319,0.7849962472447871,0.32578486875965,0.6159584819980538,0.4261669658886894,0.5228236330598536,5829,0.06580417922579335,81568,3930,1184,1899
