TransactionID,LIME local fidelity R2,LIME local prediction,Model risk score,Absolute local prediction error
3519397,0.24179445569243807,0.39613454749502897,0.8879976272583008,0.4918630797632718
3524909,0.10544439616191215,0.016358968146568106,0.41689392924308777,0.40053496109651965
3551357,0.22419553705350836,0.10457828584556127,0.09934165328741074,0.005236632558150531
3541077,0.18232083616765205,0.04984083687184045,0.019197538495063782,0.030643298376776665
