TransactionID,Outcome,Top-k,Overlapping features,Top-feature Jaccard,Direction agreement on overlap,LIME local fidelity R2,LIME absolute prediction error
3519397,True positive,10,2,0.1111111111111111,1.0,0.24179445569243807,0.4918630797632718
3524909,False positive,10,2,0.1111111111111111,1.0,0.10544439616191215,0.40053496109651965
3551357,False negative,10,2,0.1111111111111111,1.0,0.22419553705350836,0.005236632558150531
3541077,True negative,10,3,0.17647058823529413,1.0,0.18232083616765205,0.030643298376776665
